<?xml version="1.0" encoding="UTF-8" standalone="yes"?>
<addon id="plugin.video.PaulTheJoker" 
name="[COLOR green]Paul[COLOR white]The[COLOR red]Joker [/COLOR]"
version="1.0.0" 
provider-name="Paul Dutton">
  <requires>
    <import addon="xbmc.python" version="2.1.0"/>
    <import addon="script.module.beautifulsoup" version="3.2.1"/>
    <import addon="script.module.simple.downloader" version="0.9.4"/>
    <import addon="script.module.beautifulsoup4" />
    <import addon="script.module.requests" />
    <import addon="script.module.httplib2" />
    <import addon="script.module.youtube.dl" optional="true"/>
    <import addon="plugin.video.youtube" optional="true" />
    <import addon="script.module.urlresolver" optional="true"/>
    <import addon="script.module.simplejson" />	
  </requires>
  <extension point="xbmc.python.pluginsource" library="default.py">
    <provides>video</provides>
  </extension>
     
  <extension point="xbmc.addon.metadata">
     <summary>PaulTheJoker</summary>
        <description>Addon italiano con tantissimi contenuti multimediali</description>
        <news>v1.0.0
- [COLOR blue][B] Prima Realese[/B][/COLOR] 
</news>
    <platform>all</platform>
	<license>Attribuzione - Non commerciale </license>
	<website></website>
	<email></email>
	<disclaimer>Questo addon contiene link di contenuti in streaming di terze parti non affiliati e/o associati in alcun modo a PaulTheJoker.</disclaimer>
	<language>it</language>
  </extension>
</addon>
